Amandine,Pour prendre en compte le cas o√π le tableau gossips est vide dans la vue index.
Amandine,"2.6. La vue show d'un potin
Bravo, tu as fait une grosse partie du projet et c'est d√©j√† un super r√©sultat. Tu peux √™tre fier ! Comme je sens que tu as le niveau, la suite sera moins pas √† pas et ce sera un peu plus dur. Mais avec les bonnes recherches et les bons indices, tu vas cartonner j'en suis s√ªr üòò

Prochaine √©tape : afficher tes potins un √† un.

2.6.1. Le principe
Nous allons faire des pages ""profil"" pour chaque potin, c‚Äôest-√†-dire que nous allons cr√©er une page par potin afin de l'afficher lui seul. C'est ce qu'on appelle un page ""show"". Quand ""index"" est une page unique qui affiche tous les potins, il existe autant de page ""show"" que de potin.

Nous voudrions faire en sorte que si l'on va sur http://localhost:4567/gossips/2/, le site nous affiche la page ""show"" du gossip n¬∞2. Idem avec le num√©ro 3, num√©ro 4, num√©ro 1, etc. Alors tu imagines bien qu'on peut avoir 10, 100 voire 1000 potins : on va pas rentrer toutes ces routes √† la main, m√™me en tentant un .each sur tous les gossips pour faire les routes correspondantes. Pour cela, on va cr√©er dans notre app Sinatra ce qu'on appelle une URL dynamique.

C'est quoi une URL dynamique ? C'est une URL qui contient une variable. Au lieu de saisir les routes ""gossips/2"", ""gossips/3"", etc. On va se d√©brouiller pour pouvoir saisir une route ""gossips/x"" et qu'en fonction de la valeur de x, notre code s'adapte et affiche ce qu'il faut.

Pour r√©capituler, nous allons :

Cr√©er une route dynamique pour qu'√† chaque fois qu'un utilisateur rentre une URL du type http://localhost:4567/gossips/x/, Sinatra comprenne que l'on veut voir la page show du potin N¬∞x en BDD ;
R√©cup√©rer dans notre BDD le potin N¬∞x avec une belle m√©thode #find ;
Afficher le contenu du potin dans la page show.
2.6.2. Les routes dynamiques
Pour √©viter d'avoir √† rentrer √† la main une route pour chaque potin, il existe une m√©thode pour avoir des URLs dynamiques. Pour ceci, je t'invite √† regarder la documentation d'introduction de Sinatra qui explique comment faire ses routes. Voici l'exemple qu'elle propose afin de rajouter, au sein d'une route, une variable (par exemple :name) :"
